times,odmr_peak_pos_0[Hz]
2024-04-16 17:38:13.174884,2645115821.7152586
2024-04-16 17:38:17.203987,2645115170.2596025
2024-04-16 17:38:21.240053,2645117217.3623877
2024-04-16 17:38:25.276803,2645117665.0835657
2024-04-16 17:38:29.289424,2645119583.9565916
2024-04-16 17:38:33.363126,2645118401.9509916
2024-04-16 17:38:37.418593,2645121054.379898
2024-04-16 17:38:41.452791,2645121965.730087
2024-04-16 17:38:45.168207,2645122488.686415
2024-04-16 17:38:49.191509,2645122048.5884647
2024-04-16 17:38:52.925596,2645141232.7782125
2024-04-16 17:38:56.962558,2645178561.68751
2024-04-16 17:39:01.012282,2645177241.116082
2024-04-16 17:39:05.059528,2645178252.0480576
2024-04-16 17:39:09.083297,2645179794.913663
2024-04-16 17:39:13.132696,2645180003.5227613
2024-04-16 17:39:17.202072,2645180591.9143972
2024-04-16 17:39:21.247376,2645180029.5262356
2024-04-16 17:39:25.280014,2645179556.0423775
2024-04-16 17:39:29.327423,2645178392.2414985
2024-04-16 17:39:33.366256,2645182471.480474
2024-04-16 17:39:37.440867,2645182961.3343234
2024-04-16 17:39:41.481913,2645183817.003541
2024-04-16 17:39:45.537923,2645184057.6888504
2024-04-16 17:39:49.260872,2645185695.4639754
2024-04-16 17:39:53.326759,2645184685.184962
2024-04-16 17:39:57.351716,2645186159.9818687
2024-04-16 17:40:01.396866,2645184218.748204
2024-04-16 17:40:05.129951,2645185581.365355
2024-04-16 17:40:09.169953,2645186383.7262754
2024-04-16 17:40:13.191555,2645187632.131588
2024-04-16 17:40:17.217840,2645187559.99282
2024-04-16 17:40:21.274253,2645188348.09168
2024-04-16 17:40:25.330901,2645188810.1131706
2024-04-16 17:40:29.391063,2645190853.2253494
2024-04-16 17:40:33.453679,2645191497.251425
2024-04-16 17:40:37.481111,2645191611.6691566
2024-04-16 17:40:41.519142,2645190254.2069826
2024-04-16 17:40:45.558752,2645188676.176609
2024-04-16 17:40:49.586859,2645191214.5942373
2024-04-16 17:40:53.639639,2645195388.0926123
2024-04-16 17:40:57.690365,2645193235.8949466
2024-04-16 17:41:01.720802,2645194637.617484
2024-04-16 17:41:05.750267,2645192162.0240064
2024-04-16 17:41:09.800749,2645195255.3867617
2024-04-16 17:41:13.854745,2645192732.9961658
2024-04-16 17:41:17.592123,2645194225.188591
2024-04-16 17:41:21.320017,2645193270.4446917
2024-04-16 17:41:25.375275,2645195137.502882
2024-04-16 17:41:29.400128,2645194078.0485544
2024-04-16 17:41:33.450329,2645198855.5406227
2024-04-16 17:41:37.482656,2645196253.2827387
2024-04-16 17:41:41.518093,2645198197.638507
2024-04-16 17:41:45.575195,2645198183.933918
2024-04-16 17:41:49.607777,2645195624.6364393
2024-04-16 17:41:53.652030,2645198493.4819984
2024-04-16 17:41:57.703211,2645200069.4484015
2024-04-16 17:42:01.722552,2645197310.793262
2024-04-16 17:42:05.735988,2645196823.473075
2024-04-16 17:42:09.780858,2645198838.689529
