current[A]	odmr_peak_pos_0[Hz]	odmr_peak_pos_1[Hz]
0.001	2648192231.5791397	2724778195.909995
0.0011991991991991992	2648190012.1816707	2724780858.799506
0.0013983983983983984	2648189691.073285	2724782228.3267994
0.0015975975975975978	2648190585.371395	2724780467.509597
0.0017967967967967968	2648192594.632271	2724781486.817981
0.001995995995995996	2648191606.8990755	2724780370.8316913
0.0021951951951951956	2648191846.345319	2724781900.2603188
0.0023943943943943945	2648192560.748891	2724781606.5729566
0.0025935935935935935	2648188481.2541423	2724782808.392987
0.002792792792792793	2648194173.431961	2724781161.0246124
0.0029919919919919923	2648193336.7625413	2724780859.3976345
0.0031911911911911913	2648193170.791407	2724780058.956449
0.0033903903903903907	2648194384.255722	2724780535.615506
0.0035895895895895896	2648193302.6139174	2724780916.37166
0.003788788788788789	2648193987.3993955	2724781303.4753866
0.003987987987987988	2648193837.026904	2724784285.4698787
0.004187187187187188	2648191040.7091217	2724784803.861085
0.004386386386386387	2648194263.8551726	2724784820.079503
0.004585585585585586	2648192193.7815833	2724784634.0236473
0.004784784784784785	2648195767.2343636	2724781955.197775
0.0049839839839839846	2648195848.146236	2724782136.4053626
0.005183183183183183	2648195194.9218864	2724780398.6103177
0.0053823823823823825	2648197110.286248	2724781541.1647415
0.005581581581581582	2648196536.2986107	2724781021.993614
0.005780780780780781	2648199303.73537	2724779103.596263
0.005979979979979981	2648198882.1365156	2724780576.9419885
0.006179179179179179	2648198570.7122188	2724781888.017521
0.006378378378378379	2648195091.176574	2724784810.143523
0.006577577577577578	2648197119.2245946	2724781305.7872157
0.006776776776776777	2648199558.1295395	2724780437.7204094
0.006975975975975976	2648198022.990484	2724781163.147273
0.007175175175175175	2648198782.6360197	2724778591.188155
0.007374374374374375	2648199911.786522	2724778157.587608
0.007573573573573574	2648202981.0284853	2724776560.013443
0.0077727727727727736	2648201358.201915	2724776017.5988646
0.007971971971971973	2648201772.5843306	2724777675.7313595
0.008171171171171172	2648200773.427187	2724777287.7524915
0.008370370370370372	2648204438.014697	2724772516.762541
0.008569569569569571	2648202808.8298783	2724773652.8799415
0.008768768768768769	2648204723.8349886	2724775384.2188053
0.00896796796796797	2648203010.7261724	2724777867.431589
0.00916716716716717	2648202344.816633	2724778565.7079144
0.009366366366366365	2648203518.445121	2724772982.90936
0.009565565565565565	2648203668.647847	2724774512.773541
0.009764764764764764	2648205208.2347255	2724776394.581686
0.009963963963963963	2648204974.708994	2724775578.587388
0.010163163163163163	2648203266.679275	2724776338.939451
0.010362362362362362	2648204953.1868334	2724773808.454326
0.010561561561561562	2648205469.2309074	2724772779.4405155
0.010760760760760761	2648206421.5012264	2724771279.454751
0.01095995995995996	2648207698.3447895	2724771458.723731
0.01115915915915916	2648208279.4748244	2724769281.679426
0.01135835835835836	2648208255.8499775	2724771684.636928
0.011557557557557559	2648207803.6275043	2724770502.138092
0.011756756756756758	2648209219.5716968	2724770368.5951686
0.011955955955955958	2648208512.61333	2724768580.990317
0.012155155155155157	2648209129.8116493	2724768074.360347
0.012354354354354356	2648209878.3310056	2724769889.2544937
0.012553553553553556	2648209756.435915	2724769624.5833645
0.012752752752752755	2648209438.3953	2724767144.601328
0.012951951951951951	2648209998.276099	2724770085.2766232
0.01315115115115115	2648208110.5348735	2724771437.5796633
0.01335035035035035	2648208272.646864	2724770942.9752026
0.01354954954954955	2648208561.1517453	2724768858.13083
0.013748748748748749	2648211475.9589896	2724769077.0014544
0.013947947947947948	2648210109.308034	2724769274.305958
0.014147147147147147	2648210961.9053745	2724768784.6963863
0.014346346346346347	2648212447.142213	2724769576.659069
0.014545545545545546	2648210138.7424603	2724768410.4079885
0.014744744744744746	2648211623.7296066	2724768558.501642
0.014943943943943945	2648209761.7685137	2724767788.4477315
0.015143143143143144	2648212081.864638	2724766700.97844
0.015342342342342344	2648209663.2439733	2724766323.1363707
0.015541541541541543	2648214121.5949116	2724765215.1849556
0.015740740740740743	2648212816.859209	2724766802.5205526
0.015939939939939942	2648210567.3989134	2724767455.6338987
0.01613913913913914	2648214095.69681	2724764803.324004
0.01633833833833834	2648217411.9758096	2724764238.2828054
0.016537537537537537	2648217265.6463127	2724763584.9792643
0.01673673673673674	2648217422.8679976	2724764652.657186
0.01693593593593594	2648218373.221505	2724766975.4626617
0.01713513513513514	2648216884.763427	2724764083.974149
0.017334334334334338	2648216280.094535	2724765081.0828342
0.017533533533533534	2648217731.707126	2724763800.565942
0.017732732732732733	2648217149.5845356	2724765088.7156234
0.017931931931931933	2648217986.8667116	2724762844.8302555
0.018131131131131132	2648220617.679778	2724761996.41908
0.01833033033033033	2648219775.6530466	2724764451.3029246
0.01852952952952953	2648219140.865828	2724765252.656144
0.01872872872872873	2648218850.5892572	2724766280.1047153
0.01892792792792793	2648220098.858717	2724763919.62755
0.01912712712712713	2648220416.5290546	2724764019.799162
0.01932632632632633	2648222020.5905647	2724764320.0826874
0.019525525525525528	2648222551.228142	2724764288.1756153
0.019724724724724727	2648220799.1235533	2724764831.160346
0.019923923923923927	2648223356.2989426	2724765096.972724
0.020123123123123126	2648220649.1770077	2724766272.0111933
0.020322322322322325	2648221185.7577763	2724764454.6119127
0.020521521521521525	2648222651.882579	2724766097.7537756
0.020720720720720724	2648223163.3778563	2724765469.229124
0.020919919919919924	2648224392.2548356	2724765162.5458493
0.02111911911911912	2648224330.826213	2724765137.185723
0.02131831831831832	2648225642.753212	2724763434.0771537
0.02151751751751752	2648225734.61897	2724764540.0733767
0.021716716716716718	2648225684.2936687	2724764402.857439
0.021915915915915917	2648225643.862595	2724766590.47913
0.022115115115115117	2648227000.209488	2724765112.110052
0.022314314314314316	2648227287.917192	2724765180.173483
0.022513513513513515	2648228726.0298376	2724765406.7223787
0.022712712712712715	2648226174.376235	2724765568.463952
0.022911911911911914	2648227564.416465	2724764301.103177
0.023111111111111114	2648227405.3147697	2724766635.1282134
0.023310310310310313	2648227737.576869	2724768275.5000544
0.023509509509509512	2648226608.711253	2724769112.012136
0.02370870870870871	2648228876.018152	2724766186.6691475
0.02390790790790791	2648230881.4679985	2724762923.201573
0.02410710710710711	2648233753.5986996	2724761879.8089046
0.02430630630630631	2648231371.6624436	2724762468.867968
0.02450550550550551	2648231692.042332	2724763567.8983717
0.024704704704704705	2648233880.6394196	2724762522.367352
0.024903903903903905	2648235370.6347075	2724763553.520034
0.025103103103103104	2648233354.5465193	2724762706.6336646
0.025302302302302303	2648233961.377326	2724764348.200736
0.025501501501501503	2648232709.462475	2724764867.3132334
0.025700700700700702	2648231326.582779	2724763892.3413525
0.0258998998998999	2648236219.8884063	2724763112.739256
0.0260990990990991	2648235137.3828306	2724761915.946945
0.0262982982982983	2648235533.0089674	2724762244.299562
0.0264974974974975	2648234945.774315	2724762020.4413137
0.0266966966966967	2648233567.1000066	2724760768.7396464
0.0268958958958959	2648235843.9023128	2724762605.358179
0.027095095095095098	2648235638.0186186	2724760354.8674326
0.027294294294294297	2648236777.273349	2724760691.439213
0.027493493493493497	2648238089.746237	2724758080.397499
0.027692692692692696	2648240212.9719987	2724757834.666572
0.027891891891891896	2648238823.2203875	2724757760.1823483
0.028091091091091095	2648239107.657832	2724757990.2742033
0.028290290290290294	2648239906.1415725	2724756505.4426165
0.02848948948948949	2648240687.561612	2724754989.2584977
0.02868868868868869	2648240761.9549036	2724756638.855962
0.02888788788788789	2648240474.921557	2724758348.44292
0.02908708708708709	2648240800.2950974	2724757669.58107
0.029286286286286288	2648239701.5206966	2724758565.3914127
0.029485485485485487	2648239659.665374	2724756524.8863506
0.029684684684684687	2648239606.6233883	2724758312.655858
0.029883883883883886	2648239170.0518284	2724754937.295232
0.030083083083083086	2648240044.007984	2724756652.9655156
0.030282282282282285	2648240899.5675993	2724756957.6696744
0.030481481481481484	2648242505.1308093	2724756335.289113
0.030680680680680684	2648240179.1101055	2724755493.917673
0.030879879879879883	2648241871.543588	2724755905.558197
0.031079079079079083	2648243151.360449	2724752194.4504957
0.03127827827827828	2648246520.0632744	2724751404.509039
0.03147747747747748	2648243387.7899866	2724752516.418995
0.03167667667667668	2648243591.072164	2724754292.1144104
0.03187587587587588	2648243288.580904	2724754974.2674227
0.03207507507507507	2648242979.090825	2724754850.487409
0.032274274274274276	2648241787.5276656	2724754891.806794
0.03247347347347348	2648243852.674806	2724754381.8233075
0.032672672672672674	2648243496.0040736	2724752971.59429
0.03287187187187188	2648244387.680503	2724752936.68381
0.03307107107107107	2648247533.638172	2724749366.190783
0.033270270270270276	2648250002.262187	2724748034.170208
0.03346946946946947	2648247615.905138	2724753150.4870625
0.033668668668668675	2648245635.614968	2724752071.6107845
0.03386786786786787	2648247557.2267103	2724751457.125825
0.03406706706706707	2648245354.757465	2724750938.5233335
0.03426626626626627	2648250647.2184334	2724749754.7181168
0.034465465465465465	2648249162.995489	2724750941.1087112
0.03466466466466467	2648249042.532381	2724748364.2334933
0.034863863863863864	2648249824.4530067	2724748828.235287
0.03506306306306307	2648250071.190447	2724745389.7654085
0.03526226226226226	2648250830.2295375	2724747651.0735435
0.035461461461461466	2648251828.9458947	2724747165.0528965
0.03566066066066066	2648251852.0197496	2724747506.851832
0.035859859859859865	2648251565.738864	2724747233.378927
0.03605905905905906	2648251412.1820965	2724747615.4037137
0.036258258258258264	2648254211.5016623	2724747596.1187887
0.03645745745745746	2648252064.489389	2724746461.86185
0.03665665665665666	2648254414.562183	2724746583.8811455
0.03685585585585586	2648253498.9238963	2724746444.466222
0.03705505505505506	2648252994.892565	2724747761.585686
0.03725425425425426	2648251640.5822945	2724746795.3838916
0.03745345345345345	2648253350.8212867	2724747014.336158
0.037652652652652656	2648254701.675929	2724743009.0378766
0.03785185185185185	2648254497.255223	2724745331.724308
0.038051051051051055	2648256145.7898226	2724747554.238532
0.03825025025025025	2648253770.550962	2724747453.2807
0.038449449449449453	2648253625.805867	2724747291.233197
0.03864864864864865	2648255508.234309	2724744917.151462
0.03884784784784785	2648256173.0242133	2724741823.3965673
0.03904704704704705	2648259422.632437	2724742551.29319
0.03924624624624625	2648257058.578766	2724742727.558029
0.03944544544544545	2648257085.7656026	2724742273.808392
0.03964464464464465	2648257781.343403	2724743447.629013
0.039843843843843846	2648256317.7222495	2724744954.6762085
0.04004304304304305	2648260021.318144	2724742182.9339056
0.040242242242242245	2648260838.0404196	2724741870.2804623
0.04044144144144145	2648262264.406691	2724742267.2306995
0.04064064064064064	2648259864.2972217	2724741087.2144747
0.040839839839839846	2648261012.0966735	2724742951.6211686
0.04103903903903904	2648258985.88264	2724742754.2782564
0.04123823823823824	2648260404.8563604	2724741636.1884737
0.04143743743743744	2648258796.18338	2724743818.2300787
0.04163663663663664	2648258390.6087694	2724745812.642172
0.04183583583583584	2648259724.4283314	2724743622.099639
0.042035035035035036	2648262536.479087	2724740540.6245728
0.04223423423423424	2648260647.448125	2724740318.4401264
0.042433433433433435	2648261729.185703	2724738915.1642838
0.04263263263263264	2648261977.657839	2724741653.300418
0.04283183183183183	2648263687.5763044	2724738671.264017
0.043031031031031036	2648263470.0405717	2724742371.3443785
0.04323023023023023	2648265296.4241133	2724742173.7565484
0.043429429429429435	2648262855.9828186	2724742602.8018284
0.04362862862862863	2648264730.9642487	2724743229.570541
0.043827827827827834	2648265166.656417	2724740799.852024
0.04402702702702703	2648264602.3320436	2724740495.0769553
0.04422622622622623	2648270084.930952	2724742859.9467154
0.04442542542542543	2648265366.6693544	2724737740.739949
0.04462462462462463	2648270066.111711	2724740973.5480523
0.04482382382382383	2648267388.9507856	2724742441.004135
0.04502302302302302	2648266215.8842273	2724742349.3738694
0.045222222222222226	2648266650.2255955	2724739654.154146
0.04542142142142142	2648270165.7147913	2724739411.6598434
0.045620620620620625	2648269873.919702	2724738928.1095963
0.04581981981981982	2648268834.9185534	2724740816.737568
0.046019019019019024	2648270711.551237	2724742134.18563
0.04621821821821822	2648268382.7186804	2724740856.7100797
0.04641741741741742	2648270920.6375904	2724738948.0522156
0.04661661661661662	2648268999.5328827	2724740422.2307806
0.04681581581581582	2648270739.994689	2724738769.377719
0.04701501501501502	2648270231.993817	2724740365.4270477
0.04721421421421422	2648270639.756272	2724739626.4527736
0.047413413413413416	2648271638.736973	2724739778.742385
0.04761261261261262	2648273509.4890585	2724739615.2899837
0.047811811811811815	2648272533.5559816	2724740037.836338
0.04801101101101102	2648274349.4690685	2724739702.433817
0.048210210210210214	2648273113.896838	2724740498.99268
0.04840940940940941	2648273339.0585213	2724741986.100689
0.04860860860860861	2648273548.6317377	2724740850.659936
0.04880780780780781	2648277170.94114	2724737962.084124
0.04900700700700701	2648277357.885787	2724735712.23123
0.04920620620620621	2648278278.929066	2724736238.9838
0.04940540540540541	2648278791.791399	2724737675.414336
0.049604604604604606	2648279033.339623	2724738146.41949
0.04980380380380381	2648278287.7990646	2724739611.572361
0.050003003003003005	2648276804.4085417	2724738909.66822
0.05020220220220221	2648275539.871504	2724741457.7050824
0.050401401401401404	2648278348.8148074	2724737948.400509
0.050600600600600606	2648279137.356231	2724737539.88221
0.0507997997997998	2648281074.229289	2724736411.000001
0.050998998998999005	2648279803.0402894	2724736993.890215
0.0511981981981982	2648279428.6982603	2724736856.553165
0.051397397397397404	2648281437.392305	2724736653.391431
0.0515965965965966	2648278827.1917872	2724736028.9592752
0.0517957957957958	2648280932.030877	2724735486.198145
0.051994994994995	2648283288.9215994	2724734251.740804
0.052194194194194195	2648282469.427862	2724735903.78317
0.0523933933933934	2648281608.545847	2724733788.4828787
0.052592592592592594	2648282054.8549957	2724733884.3751254
0.052791791791791796	2648283018.6015434	2724736642.5195637
0.05299099099099099	2648280965.943883	2724737244.8161416
0.053190190190190195	2648282259.2936945	2724734428.854052
0.05338938938938939	2648285115.407034	2724732275.3931017
0.053588588588588594	2648285831.4201593	2724732192.27602
0.05378778778778779	2648286605.671384	2724732653.8119326
0.05398698698698699	2648284267.7529945	2724734900.634534
0.05418618618618619	2648283342.244682	2724737066.8841143
0.05438538538538539	2648283794.6277504	2724734161.0852537
0.05458458458458459	2648285181.9775553	2724732092.292273
0.05478378378378379	2648286545.9898243	2724731922.7330484
0.054982982982982986	2648287929.359827	2724728691.0507555
0.05518218218218219	2648287692.337408	2724731248.6388826
0.055381381381381385	2648287362.287887	2724730526.3589315
0.05558058058058059	2648288913.9443665	2724729289.738199
0.055779779779779784	2648290250.6844954	2724730065.6232195
0.05597897897897898	2648287784.337541	2724732011.855693
0.05617817817817818	2648284825.921036	2724732444.5512714
0.05637737737737738	2648286607.494074	2724730787.528365
0.05657657657657658	2648291503.952228	2724729787.0128136
0.05677577577577578	2648293206.1020427	2724728073.0315275
0.05697497497497498	2648291641.212079	2724726178.258895
0.057174174174174176	2648293205.3202667	2724729264.6759176
0.05737337337337338	2648292303.8043394	2724727922.418229
0.057572572572572575	2648292106.9516797	2724726275.1574206
0.05777177177177178	2648290749.7904267	2724722919.9385486
0.057970970970970974	2648293717.4370527	2724727036.489629
0.05817017017017018	2648292573.2854166	2724725848.3575325
0.05836936936936937	2648293003.5989103	2724725287.72165
0.058568568568568576	2648287600.9165177	2724723118.6951914
0.05876776776776777	2648294151.306573	2724718521.048537
0.058966966966966974	2648295028.914427	2724723044.1970587
0.05916616616616617	2648298056.522478	2724726028.4063864
0.059365365365365366	2648282791.9802103	2724726981.8875103
0.05956456456456457	2648294258.810158	2724726771.84943
0.059763763763763765	2648305114.231686	2724725767.8034487
0.05996296296296297	2648299244.034465	2724725162.1900225
0.060162162162162164	2648298793.30583	2724721658.193939
0.06036136136136137	2648282868.8100944	2724720910.5797806
0.06056056056056056	2648296725.613562	2724720695.6256127
0.060759759759759766	2648297889.863203	2724722410.7855067
0.06095895895895896	2648297560.783828	2724720604.870296
0.061158158158158164	2648298485.650788	2724720460.9928465
0.06135735735735736	2648297592.6418676	2724719459.1003942
0.06155655655655656	2648298691.49508	2724719500.255576
0.06175575575575576	2648301887.54245	2724718443.6892505
0.06195495495495496	2648299506.8765974	2724721269.814582
0.06215415415415416	2648296669.1325397	2724722431.5496316
0.06235335335335336	2648299013.935237	2724722278.8666964
0.06255255255255256	2648298107.4882784	2724724495.9681
0.06275175175175175	2648298871.9575605	2724722255.93015
0.06295095095095095	2648294844.7188673	2724722652.5035048
0.06315015015015014	2648299501.6597676	2724719722.915344
0.06334934934934935	2648301993.71327	2724719649.263996
0.06354854854854855	2648303600.34346	2724721521.392577
0.06374774774774775	2648301241.688896	2724720518.6739044
0.06394694694694696	2648303420.675637	2724716482.6213517
0.06414614614614615	2648304061.822921	2724717817.5180693
0.06434534534534535	2648304007.4239154	2724719157.63396
0.06454454454454454	2648300977.9422145	2724737634.43242
0.06474374374374375	2648301891.5854774	2724720177.8225584
0.06494294294294295	2648304329.379042	2724718849.299793
0.06514214214214215	2648305377.5048285	2724722312.540703
0.06534134134134134	2648309869.823414	2724719833.562742
0.06554054054054055	2648304708.1625037	2724720855.562289
0.06573973973973975	2648304227.4396195	2724722047.0809774
0.06593893893893894	2648305668.8233995	2724718252.7549343
0.06613813813813814	2648305856.0304556	2724721000.0053463
0.06633733733733735	2648302749.398353	2724719868.2494364
0.06653653653653654	2648307300.321917	2724720965.5096474
0.06673573573573574	2648304853.4523535	2724718455.370039
0.06693493493493494	2648308819.7755737	2724719642.857302
0.06713413413413413	2648308803.2705183	2724716753.4190283
0.06733333333333334	2648309711.070374	2724718444.8233356
0.06753253253253254	2648309678.6712084	2724718065.198323
0.06773173173173173	2648310833.5486555	2724718066.5078526
0.06793093093093093	2648310751.0566826	2724717136.130823
0.06813013013013014	2648311178.828846	2724718705.8556585
0.06832932932932934	2648311906.7162514	2724717760.9668493
0.06852852852852853	2648311001.014748	2724719771.7613015
0.06872772772772773	2648307233.364516	2724721086.9943333
0.06892692692692694	2648310865.4327354	2724718045.949583
0.06912612612612613	2648311850.387865	2724719396.758315
0.06932532532532533	2648313933.483041	2724719510.650754
0.06952452452452453	2648311660.445857	2724722169.620037
0.06972372372372374	2648310202.2249546	2724720678.6493597
0.06992292292292293	2648313733.380408	2724717599.6070013
0.07012212212212213	2648314880.022641	2724719338.0590496
0.07032132132132132	2648314364.8356667	2724716803.3124437
0.07052052052052052	2648314553.184122	2724718083.6931715
0.07071971971971973	2648316154.1194596	2724715391.4723015
0.07091891891891892	2648315703.1174116	2724716550.0015497
0.07111811811811812	2648318706.0788016	2724716189.9151077
0.07131731731731732	2648317314.0929985	2724717129.2499824
0.07151651651651653	2648315746.995162	2724719595.6382036
0.07171571571571572	2648316648.685813	2724717769.678619
0.07191491491491492	2648319052.239026	2724716204.8064413
0.07211411411411411	2648316941.28607	2724718550.0138426
0.07231331331331332	2648320162.490712	2724716500.472313
0.07251251251251252	2648318602.028494	2724714610.387479
0.07271171171171172	2648318144.99638	2724714272.764756
0.07291091091091091	2648321675.2677965	2724713667.300516
0.07311011011011012	2648319530.63338	2724715888.5671506
0.07330930930930932	2648318672.5125427	2724717759.0547414
0.07350850850850851	2648318770.494545	2724715740.121497
0.07370770770770771	2648318434.312986	2724713943.8772907
0.0739069069069069	2648321034.0889063	2724711226.729552
0.07410610610610611	2648323327.9692416	2724711367.9846
0.07430530530530531	2648323211.927439	2724711492.8965116
0.0745045045045045	2648321584.4194174	2724713079.412492
0.0747037037037037	2648322828.7566233	2724713679.8075514
0.07490290290290291	2648322618.4815197	2724713591.6656837
0.07510210210210211	2648322458.2246475	2724714134.6585875
0.0753013013013013	2648323838.5791545	2724711603.273162
0.0755005005005005	2648324143.7250524	2724711924.784786
0.07569969969969971	2648323060.7069273	2724710512.2582083
0.0758988988988989	2648325895.4733534	2724709213.805066
0.0760980980980981	2648323735.6962576	2724710786.0036316
0.0762972972972973	2648324155.208845	2724710286.5451603
0.07649649649649651	2648325001.37278	2724711057.6964703
0.0766956956956957	2648326139.752131	2724710295.1892624
0.0768948948948949	2648328111.4302735	2724709527.899293
0.0770940940940941	2648326160.475709	2724710006.291209
0.0772932932932933	2648326891.6798563	2724710736.421499
0.0774924924924925	2648325925.6381397	2724710161.0499153
0.0776916916916917	2648325489.501397	2724711366.2369533
0.0778908908908909	2648324886.0634274	2724711030.0941358
0.07809009009009009	2648327578.043486	2724708919.2418575
0.0782892892892893	2648328163.317746	2724708165.103749
0.0784884884884885	2648328260.008393	2724707994.211586
0.07868768768768769	2648330217.412939	2724706441.387969
0.07888688688688689	2648331387.346965	2724707145.078725
0.0790860860860861	2648328911.6153574	2724710442.4310193
0.07928528528528529	2648329363.2046485	2724708738.8964453
0.07948448448448449	2648331306.2149096	2724710706.7134776
0.07968368368368368	2648327860.6405573	2724710905.045253
0.0798828828828829	2648330739.5678186	2724708642.958606
0.08008208208208209	2648331163.19302	2724706954.113458
0.08028128128128129	2648332886.750684	2724705875.139103
0.08048048048048048	2648333183.385543	2724707764.7010994
0.08067967967967969	2648331354.8526897	2724707325.972164
0.08087887887887889	2648333901.5148926	2724706161.49743
0.08107807807807808	2648331959.6353683	2724704422.0719185
0.08127727727727728	2648337739.9691734	2724704258.583027
0.08147647647647648	2648335409.7619243	2724708965.6531453
0.08167567567567569	2648342254.4567003	2724701138.7488947
0.08187487487487488	2648336383.6762724	2724697585.821306
0.08207407407407408	2648337012.9522576	2724698912.0288234
0.08227327327327327	2648338102.9869566	2724701266.362547
0.08247247247247248	2648337678.838724	2724701566.002092
0.08267167167167168	2648339513.0218897	2724690929.297288
0.08287087087087087	2648338915.1287026	2724702572.8713903
0.08307007007007007	2648338587.726637	2724701880.3948183
0.08326926926926928	2648339035.295598	2724700907.2658825
0.08346846846846848	2648334709.20158	2724702751.5116305
0.08366766766766767	2648339229.3773723	2724702896.438195
0.08386686686686687	2648341580.1180663	2724701233.6198387
0.08406606606606608	2648336962.332755	2724700618.1329117
0.08426526526526527	2648348567.343766	2724701094.653133
0.08446446446446447	2648344425.23982	2724699849.502744
0.08466366366366367	2648346392.580312	2724698764.876501
0.08486286286286286	2648344058.9198666	2724699632.357077
0.08506206206206207	2648345829.553177	2724701322.8603883
0.08526126126126127	2648344261.445409	2724692140.8274717
0.08546046046046046	2648347902.248194	2724696551.349409
0.08565965965965966	2648341552.3139815	2724703504.712664
0.08585885885885887	2648341518.7244673	2724697399.432248
0.08605805805805807	2648343221.350594	2724699156.2321663
0.08625725725725726	2648346043.4431868	2724699735.963536
0.08645645645645646	2648344445.306571	2724697809.472595
0.08665565565565567	2648343468.3808804	2724697690.9760866
0.08685485485485486	2648345809.4075146	2724697418.5535054
0.08705405405405406	2648346318.1341066	2724699560.2685046
0.08725325325325325	2648346880.047296	2724710363.3328753
0.08745245245245246	2648348382.522339	2724692501.494867
0.08765165165165166	2648345976.9897957	2724703426.3642783
0.08785085085085086	2648343626.421866	2724701399.8350964
0.08805005005005005	2648346058.667095	2724698881.3643045
0.08824924924924926	2648346970.5843616	2724699223.091156
0.08844844844844846	2648348485.673133	2724698946.203946
0.08864764764764765	2648344992.807249	2724695849.8835244
0.08884684684684685	2648353084.391031	2724701193.911362
0.08904604604604605	2648354608.3948536	2724700913.8678946
0.08924524524524526	2648347381.0162024	2724701353.5421457
0.08944444444444445	2648352240.157441	2724692797.264327
0.08964364364364365	2648345036.648247	2724698974.340091
0.08984284284284284	2648347246.5028467	2724701210.417595
0.09004204204204205	2648349672.7230873	2724700231.056542
0.09024124124124125	2648349383.0177693	2724700705.126731
0.09044044044044044	2648351279.947036	2724699178.9043694
0.09063963963963964	2648349724.4004216	2724699097.0234795
0.09083883883883885	2648353494.996178	2724700234.331578
0.09103803803803805	2648351862.6969776	2724696084.537654
0.09123723723723724	2648353780.8083296	2724700492.607415
0.09143643643643644	2648353763.5996046	2724698236.8210454
0.09163563563563565	2648353015.7321577	2724697604.674138
0.09183483483483484	2648352972.939625	2724710377.9124355
0.09203403403403404	2648352311.8277235	2724699905.6965704
0.09223323323323324	2648354434.767625	2724697836.895426
0.09243243243243243	2648362167.8417883	2724699766.9506273
0.09263163163163164	2648357336.9016323	2724711788.49781
0.09283083083083084	2648364675.8929067	2724702618.605972
0.09303003003003003	2648358616.5249834	2724697361.585143
0.09322922922922923	2648357658.3082666	2724693518.0502696
0.09342842842842844	2648345302.338956	2724697712.179281
0.09362762762762764	2648361715.63575	2724694677.133197
0.09382682682682683	2648356812.274374	2724698571.52199
0.09402602602602603	2648360339.058503	2724695582.8392935
0.09422522522522524	2648361493.2118344	2724693113.3602085
0.09442442442442443	2648360369.1065426	2724693486.5181894
0.09462362362362363	2648358770.2413244	2724695156.352193
0.09482282282282282	2648357585.258439	2724693980.446782
0.09502202202202203	2648360891.7771244	2724692906.97097
0.09522122122122123	2648360083.1924524	2724692423.770288
0.09542042042042043	2648361237.58017	2724699950.1191177
0.09561961961961962	2648363462.9229393	2724692211.668211
0.09581881881881882	2648356772.151534	2724691413.738434
0.09601801801801803	2648380382.4986496	2724692515.860666
0.09621721721721722	2648360451.3022976	2724693695.1146584
0.09641641641641642	2648360556.4590373	2724694076.7249966
0.09661561561561562	2648363284.096556	2724695035.694863
0.09681481481481483	2648351946.900482	2724696394.107408
0.09701401401401402	2648359069.1089134	2724695345.961476
0.09721321321321322	2648362448.151604	2724691409.839629
0.09741241241241241	2648364578.8261795	2724691048.07427
0.09761161161161162	2648364680.6668735	2724689563.1387577
0.09781081081081082	2648366016.3452897	2724692695.297019
0.09801001001001002	2648364237.810216	2724689817.907068
0.09820920920920921	2648367354.6698613	2724685776.8860435
0.09840840840840842	2648367629.867237	2724688116.108388
0.09860760760760762	2648364670.0992317	2724688410.9584494
0.09880680680680681	2648366274.0807705	2724687713.830308
0.09900600600600601	2648367722.8888874	2724688095.5839586
0.09920520520520522	2648366521.890267	2724689526.1625676
0.09940440440440441	2648366130.189838	2724690686.8388
0.09960360360360361	2648366247.733251	2724689435.9626303
0.0998028028028028	2648367680.7197585	2724688299.2757325
0.100002002002002	2648368381.604304	2724687609.915664
0.10020120120120121	2648367399.3653955	2724687733.6428165
0.10040040040040041	2648370367.153598	2724686368.0721045
0.1005995995995996	2648371419.2831507	2724684679.66102
0.1007987987987988	2648371414.4893665	2724686377.369973
0.10099799799799801	2648368594.215751	2724685338.5288386
0.1011971971971972	2648370762.6569395	2724685682.525112
0.1013963963963964	2648371626.5438747	2724684495.178438
0.1015955955955956	2648370564.141198	2724686608.5425005
0.10179479479479481	2648370568.6982293	2724685185.9400177
0.101993993993994	2648373278.2850213	2724683966.9598894
0.1021931931931932	2648372059.159811	2724684547.443454
0.1023923923923924	2648372194.826712	2724683177.7850103
0.1025915915915916	2648371940.934249	2724683498.6434603
0.1027907907907908	2648373576.685526	2724684297.5924845
0.10298998998999	2648373944.2345457	2724682654.1449966
0.10318918918918919	2648373952.9195404	2724683594.64411
0.10338838838838839	2648372588.376843	2724683384.8223667
0.1035875875875876	2648374273.2552586	2724683342.3723917
0.1037867867867868	2648373659.497609	2724684121.837602
0.10398598598598599	2648372937.861289	2724681779.68252
0.10418518518518519	2648374375.0515833	2724680184.8187475
0.1043843843843844	2648376835.218381	2724680278.0682425
0.10458358358358359	2648376695.8778706	2724682286.826871
0.10478278278278279	2648377881.3692513	2724681711.1709843
0.10498198198198198	2648374915.190774	2724681653.707058
0.1051811811811812	2648375958.235586	2724682393.4078565
0.10538038038038039	2648376798.1212645	2724681128.1422787
0.10557957957957959	2648376729.6040263	2724680141.7675757
0.10577877877877878	2648379963.4931755	2724677888.614129
0.10597797797797799	2648378858.518922	2724678922.327706
0.10617717717717719	2648377937.083942	2724679650.8423963
0.10637637637637638	2648380856.9936423	2724678631.6427593
0.10657557557557558	2648381179.474831	2724677663.8070865
0.10677477477477477	2648381933.6066	2724677294.441833
0.10697397397397398	2648383787.153625	2724676827.5706983
0.10717317317317318	2648382056.849725	2724679438.0274124
0.10737237237237238	2648380876.80692	2724678481.3757315
0.10757157157157157	2648380074.367195	2724679004.3809433
0.10777077077077078	2648383005.0565734	2724676193.4608264
0.10796996996996998	2648381829.95428	2724678133.5977592
0.10816916916916917	2648382329.6809864	2724674254.2435465
0.10836836836836837	2648384084.749463	2724675304.701311
0.10856756756756758	2648384406.6828413	2724675448.8759494
0.10876676676676678	2648385624.9788713	2724675311.593299
0.10896596596596597	2648384766.223002	2724676363.935185
0.10916516516516517	2648386209.2119064	2724674435.3665285
0.10936436436436438	2648385908.632943	2724674773.238565
0.10956356356356357	2648385126.507201	2724674274.8649025
0.10976276276276277	2648387942.456975	2724672602.945216
0.10996196196196197	2648387130.872533	2724672283.687049
0.11016116116116118	2648388760.172635	2724673396.7339115
0.11036036036036037	2648388990.9790688	2724672979.1482773
0.11055955955955957	2648388174.055236	2724673437.739587
0.11075875875875876	2648388388.1467376	2724672349.031336
0.11095795795795796	2648387310.528098	2724674412.8841705
0.11115715715715717	2648386754.984663	2724674595.2278004
0.11135635635635636	2648388054.122008	2724674563.450538
0.11155555555555556	2648389174.354886	2724673744.033783
0.11175475475475476	2648390218.0511804	2724674008.0814085
0.11195395395395397	2648392580.8330674	2724674019.362424
0.11215315315315316	2648389469.439216	2724673351.663914
0.11235235235235236	2648390152.0719743	2724672348.71846
0.11255155155155155	2648389518.408983	2724674788.5941286
0.11275075075075076	2648391934.3737345	2724671571.643263
0.11294994994994996	2648392257.0651326	2724670812.8884697
0.11314914914914916	2648393452.9047947	2724669093.4872046
0.11334834834834835	2648392199.9629297	2724672206.435631
0.11354754754754756	2648393119.002994	2724673918.9658556
0.11374674674674676	2648391701.9528594	2724672623.9144793
0.11394594594594595	2648392701.0946293	2724668963.182926
0.11414514514514515	2648394598.655369	2724671248.8550644
0.11434434434434435	2648395202.4074326	2724673222.193432
0.11454354354354356	2648394001.2403684	2724670946.966871
0.11474274274274275	2648394949.9727707	2724669238.454001
0.11494194194194195	2648396662.8653755	2724668168.5590324
0.11514114114114114	2648396083.1692147	2724670840.5515428
0.11534034034034035	2648394937.6596966	2724672287.825993
0.11553953953953955	2648395752.30074	2724671552.492963
0.11573873873873874	2648397079.1184435	2724671492.6942587
0.11593793793793794	2648396887.7872953	2724671602.794674
0.11613713713713715	2648397580.106824	2724671093.016774
0.11633633633633635	2648397255.0455008	2724671244.860983
0.11653553553553554	2648397715.148676	2724670359.8921285
0.11673473473473474	2648397652.68264	2724670461.5773315
0.11693393393393395	2648398769.0619426	2724668705.543956
0.11713313313313314	2648399463.1841044	2724668665.862215
0.11733233233233234	2648403019.589197	2724667395.741932
0.11753153153153154	2648403022.1899576	2724667045.66082
0.11773073073073073	2648401646.566888	2724670531.487219
0.11792992992992994	2648398983.9236507	2724670068.871826
0.11812912912912914	2648399317.0169973	2724672233.325881
0.11832832832832833	2648401857.558346	2724669377.220767
0.11852752752752753	2648400815.7973824	2724667409.9144144
0.11872672672672674	2648402251.5820084	2724666015.4093423
0.11892592592592593	2648404750.5856514	2724665987.528502
0.11912512512512513	2648404482.1292024	2724666891.257283
0.11932432432432433	2648403122.300892	2724666654.9187155
0.11952352352352354	2648403847.466184	2724665441.7197666
0.11972272272272273	2648404394.651884	2724665580.3474627
0.11992192192192193	2648406304.5901375	2724664187.3223166
0.12012112112112112	2648406287.286131	2724663365.002244
0.12032032032032033	2648409024.9352345	2724661615.6229444
0.12051951951951953	2648407483.3095675	2724664628.3283377
0.12071871871871873	2648403932.5293226	2724663083.628955
0.12091791791791792	2648406716.5282874	2724661887.937812
0.12111711711711713	2648408096.8628774	2724663407.0860443
0.12131631631631633	2648405715.828717	2724662497.298231
0.12151551551551552	2648407906.471863	2724662226.462703
0.12171471471471472	2648405920.2744884	2724662630.679718
0.12191391391391392	2648407458.7670817	2724660893.8759255
0.12211311311311313	2648408998.955241	2724661355.8481236
0.12231231231231232	2648408763.3024335	2724660323.4431877
0.12251151151151152	2648409173.599831	2724661384.1900167
0.12271071071071071	2648409651.074806	2724661204.900178
0.12290990990990992	2648409584.0110607	2724661125.073531
0.12310910910910912	2648411098.8610625	2724658853.7649603
0.12330830830830831	2648412493.0965147	2724658425.1129427
0.12350750750750751	2648410868.1996784	2724658708.103074
0.12370670670670672	2648411725.402224	2724658910.2761097
0.12390590590590592	2648413815.265649	2724659153.9068785
0.12410510510510511	2648413786.981513	2724659041.6239386
0.12430430430430431	2648416030.8184643	2724651332.2198663
0.12450350350350352	2648412497.3616858	2724652673.1900635
0.12470270270270271	2648411964.649908	2724655261.303733
0.12490190190190191	2648415694.263192	2724663776.4483128
0.1251011011011011	2648411909.3616047	2724668539.544984
0.1253003003003003	2648411635.082763	2724661510.8633204
0.1254994994994995	2648413547.8816395	2723554757.532715
0.1256986986986987	2648414413.663625	2724649007.6400843
0.1258978978978979	2648418251.145711	2724653965.607091
0.1260970970970971	2648421623.171459	2724659931.6888165
0.1262962962962963	2648419149.093109	2724656725.5750475
0.1264954954954955	2648416115.6588387	2724656851.9985323
0.12669469469469472	2648416908.9392166	2724654965.126278
0.1268938938938939	2648419955.9193735	2724654969.3608236
0.1270930930930931	2648418971.750236	2724654374.460885
0.1272922922922923	2648417830.863063	2724651713.13431
0.1274914914914915	2648419736.0723963	2724653966.7873974
0.1276906906906907	2648417254.2691264	2724656107.1814036
0.1278898898898899	2648416997.4750414	2724656346.7297583
0.1280890890890891	2648415959.7138033	2724655355.9941397
0.1282882882882883	2648419066.7318783	2724652902.725853
0.1284874874874875	2648420318.6967273	2724661063.809662
0.1286866866866867	2648406829.575	2724654530.1569815
0.1288858858858859	2648415573.774972	2724653366.0558996
0.1290850850850851	2648420679.8012943	2724660396.4012017
0.1292842842842843	2648421875.3955555	2724653211.248279
0.12948348348348349	2648422354.7775536	2724653524.589841
0.12968268268268268	2648422761.3243885	2724652910.205907
0.12988188188188188	2648423542.0492363	2724643729.2809515
0.1300810810810811	2648430250.6688385	2724651558.419897
0.1302802802802803	2648423921.5626116	2724653408.5623245
0.1304794794794795	2648422539.0805783	2724653858.3618746
0.1306786786786787	2648421415.2171345	2724655037.7825327
0.13087787787787789	2648423038.7762485	2724655233.9819565
0.13107707707707708	2648422997.777893	2724652142.1103907
0.13127627627627628	2648429369.7911406	2723520003.1157284
0.13147547547547547	2648424667.100374	2724646665.5407715
0.1316746746746747	2648424566.5247498	2724653810.7461243
0.1318738738738739	2648425492.9591866	2724650416.1363964
0.1320730730730731	2648425995.2324095	2724653118.206843
0.13227227227227228	2648432680.912088	2724654309.6844826
0.13247147147147148	2648427553.7226124	2724647594.967289
0.13267067067067068	2648427521.6264906	2724651911.9386997
0.13286986986986987	2648426202.838546	2724653133.8497562
0.13306906906906907	2648432921.658248	2724654008.4325075
0.13326826826826826	2648427810.966234	2724654377.3368845
0.1334674674674675	2648427973.814004	2724651739.4121003
0.13366666666666668	2648428038.894842	2724651307.3476667
0.13386586586586588	2648430795.993287	2724649306.3505907
0.13406506506506508	2648430466.403934	2724649456.610922
0.13426426426426427	2648430662.382516	2724650445.613168
0.13446346346346347	2648430957.015318	2724648521.742345
0.13466266266266266	2648430409.123213	2724647665.9776964
0.13486186186186186	2648430953.052305	2724649445.6580725
0.13506106106106108	2648427938.1485214	2724651202.1779985
0.13526026026026028	2648431742.1629877	2724649959.080568
0.13545945945945947	2648431188.5185246	2724651992.021798
0.13565865865865867	2648432248.3804007	2724650584.782753
0.13585785785785787	2648435577.82071	2724648252.59538
0.13605705705705706	2648432148.5126286	2724649620.3596115
0.13625625625625626	2648434085.0066147	2724648699.147484
0.13645545545545545	2648435173.805155	2724649371.6917295
0.13665465465465465	2648432192.5996413	2724651145.6767645
0.13685385385385387	2648432094.707739	2724652132.269422
0.13705305305305307	2648433790.4671	2724649301.4647818
0.13725225225225227	2648434646.5590115	2724648506.471728
0.13745145145145146	2648436543.2613497	2724647065.7033224
0.13765065065065066	2648437535.3891444	2724645696.4994063
0.13784984984984985	2648439570.289753	2724645468.501239
0.13804904904904905	2648438539.1950216	2724646386.5049367
0.13824824824824825	2648438130.939273	2724647656.275982
0.13844744744744747	2648437296.33173	2724648036.66945
0.13864664664664667	2648436693.590687	2724627514.6595163
0.13884584584584586	2648438055.112521	2724646386.2891707
0.13904504504504506	2648440769.6285005	2724646382.260312
0.13924424424424425	2648438311.946869	2724645876.4253426
0.13944344344344345	2648442103.934141	2724644318.509531
0.13964264264264264	2648440993.0491457	2724643608.813555
0.13984184184184184	2648442444.3969917	2724645257.449398
0.14004104104104104	2648441434.278563	2724647870.215267
0.14024024024024026	2648438041.0651903	2724645566.2495227
0.14043943943943946	2648440232.9563885	2724645638.4305277
0.14063863863863865	2648441953.8285685	2724645611.840636
0.14083783783783785	2648441720.1143484	2724645414.7217093
0.14103703703703704	2648442794.813852	2724645469.757686
0.14123623623623624	2648443000.5270796	2724644176.370903
0.14143543543543544	2648442784.336872	2724642615.4629583
0.14163463463463463	2648444490.99561	2724642146.8423414
0.14183383383383386	2648443703.868946	2724642613.3838944
0.14203303303303305	2648444515.6891084	2724642442.970733
0.14223223223223225	2648446190.7825904	2724641128.174892
0.14243143143143144	2648447018.1269665	2724641413.603449
0.14263063063063064	2648443842.179613	2724641510.827889
0.14282982982982984	2648445694.9432855	2724640467.214711
0.14302902902902903	2648445277.2308044	2724640297.44471
0.14322822822822823	2648446811.0201006	2724641706.728345
0.14342742742742742	2648447601.719419	2724642475.2398124
0.14362662662662665	2648447818.357004	2724642195.407756
0.14382582582582584	2648447050.541561	2724642779.1460543
0.14402502502502504	2648446534.4569397	2724643227.8859167
0.14422422422422423	2648445355.19014	2724645722.9281306
0.14442342342342343	2648445196.6874933	2724644179.464322
0.14462262262262263	2648447624.334432	2724643459.6769886
0.14482182182182182	2648447883.2288475	2724640941.3918595
0.14502102102102102	2648449422.0786524	2724640356.281901
0.14522022022022024	2648448013.7085648	2724639262.5513473
0.14541941941941944	2648451912.8775244	2724640182.5051656
0.14561861861861863	2648450122.9092283	2724641050.8518386
0.14581781781781783	2648450152.220286	2724637650.053204
0.14601701701701703	2648450831.8674617	2724639352.3970876
0.14621621621621622	2648449723.2774467	2724640191.5711064
0.14641541541541542	2648450096.3005686	2724638855.1726875
0.1466146146146146	2648451926.5713873	2724640294.1003265
0.1468138138138138	2648450980.55863	2724637423.155134
0.14701301301301303	2648450019.6438093	2724639177.734407
0.14721221221221223	2648452514.685071	2724637194.7644424
0.14741141141141142	2648453511.693492	2724637270.121301
0.14761061061061062	2648453134.4932356	2724637560.549632
0.14780980980980982	2648454870.1181993	2724638501.792795
0.148009009009009	2648453727.4560637	2724638222.33525
0.1482082082082082	2648454784.5713797	2724636847.8038497
0.1484074074074074	2648456660.101323	2724635396.2962694
0.14860660660660663	2648455522.633	2724637508.2731056
0.14880580580580582	2648455364.575091	2724636038.854396
0.14900500500500502	2648454676.6629305	2724635682.654948
0.14920420420420422	2648457088.5711975	2724636251.882123
0.1494034034034034	2648458057.0196486	2724632270.99207
0.1496026026026026	2648458797.2478504	2724635367.969948
0.1498018018018018	2648456894.5624256	2724634880.7787905
0.150001001001001	2648456650.177883	2724633986.453551
0.15020020020020022	2648455467.5063076	2724634232.083642
0.15039939939939942	2648459565.007043	2724633891.1000323
0.15059859859859862	2648460110.4393845	2724630284.8551545
0.1507977977977978	2648461879.6623573	2724630521.0050554
0.150996996996997	2648461054.5768433	2724632240.845911
0.1511961961961962	2648461270.58625	2724630280.746751
0.1513953953953954	2648461100.849373	2724629449.3295517
0.1515945945945946	2648461472.013028	2724630111.8378563
0.1517937937937938	2648464425.3530197	2724629009.069923
0.15199299299299301	2648462158.668971	2724628565.4551096
0.1521921921921922	2648461755.4627733	2724627918.2433147
0.1523913913913914	2648462511.880106	2724629142.260933
0.1525905905905906	2648465134.274412	2724629575.9722033
0.1527897897897898	2648465139.0780926	2724629552.397973
0.152988988988989	2648467227.7672386	2724628733.738802
0.1531881881881882	2648464764.55248	2724629027.0087395
0.15338738738738739	2648466238.9472075	2724626882.2652802
0.1535865865865866	2648466854.303153	2724627878.71073
0.1537857857857858	2648466845.839642	2724626524.382657
0.153984984984985	2648465535.244566	2724626883.797092
0.1541841841841842	2648466336.2032056	2724626649.981904
0.1543833833833834	2648468008.577508	2724626932.6224484
0.1545825825825826	2648469297.896113	2724626649.8503695
0.15478178178178179	2648468208.3200483	2724626618.1356235
0.15498098098098098	2648468028.9663773	2724627111.3067245
0.15518018018018018	2648465697.094687	2724628884.113824
0.1553793793793794	2648470040.354945	2724625742.887512
0.1555785785785786	2648469707.1463943	2724625687.9213486
0.1557777777777778	2648471269.803717	2724624110.3348165
0.155976976976977	2648470466.8415127	2724625120.295648
0.15617617617617618	2648468650.5744824	2724623235.8718925
0.15637537537537538	2648471642.1194353	2724621620.594348
0.15657457457457458	2648472800.009196	2724623099.5469513
0.15677377377377377	2648471734.646283	2724624295.716193
0.156972972972973	2648471136.74742	2724626150.872645
0.1571721721721722	2648470756.8975515	2724624776.0257015
0.1573713713713714	2648471479.0578065	2724624988.8114095
0.15757057057057058	2648472229.775964	2724623111.778056
0.15776976976976978	2648473695.5640516	2724621787.916087
0.15796896896896898	2648472387.1517305	2724622276.352516
0.15816816816816817	2648474672.1082745	2724624069.9541063
0.15836736736736737	2648474558.635405	2724622205.322323
0.15856656656656656	2648473890.067892	2724626276.85962
0.1587657657657658	2648473522.893855	2724624079.600149
0.15896496496496498	2648473256.538477	2724622719.438381
0.15916416416416418	2648475691.3151226	2724620924.7632627
0.15936336336336338	2648476890.850318	2724622144.6874876
0.15956256256256257	2648474314.78245	2724622463.3760962
0.15976176176176177	2648476899.844459	2724620218.899139
0.15996096096096096	2648477924.652148	2724623590.0592337
0.16016016016016016	2648474388.127637	2724623551.121152
0.16035935935935938	2648475512.3304453	2724623851.6832952
0.16055855855855858	2648477741.077932	2724622405.215129
0.16075775775775777	2648477478.1182375	2724624050.5987926
0.16095695695695697	2648478123.250576	2724624844.186557
0.16115615615615617	2648478802.384101	2724622270.923228
0.16135535535535536	2648478471.3657565	2724623268.3510027
0.16155455455455456	2648478858.5912275	2724623700.749085
0.16175375375375375	2648480151.456229	2724619541.7363415
0.16195295295295295	2648481762.8385134	2724619218.097703
0.16215215215215217	2648481625.5534697	2724620605.266137
0.16235135135135137	2648482306.2859015	2724619742.0964837
0.16255055055055057	2648483229.2359414	2724620367.0377617
0.16274974974974976	2648481103.301535	2724621796.443578
0.16294894894894896	2648480742.3255663	2724621885.9232674
0.16314814814814815	2648481327.182481	2724620443.6937428
0.16334734734734735	2648482907.1697674	2724622794.7914386
0.16354654654654655	2648482437.8393273	2724622359.777794
0.16374574574574577	2648482014.8214283	2724619870.7809505
0.16394494494494496	2648484207.283351	2724620425.0973635
0.16414414414414416	2648483770.9698734	2724619929.2766275
0.16434334334334336	2648484724.7379546	2724618999.444805
0.16454254254254255	2648484541.307865	2724619492.5340247
0.16474174174174175	2648487856.316798	2724619428.1692476
0.16494094094094094	2648485675.9763126	2724619258.578369
0.16514014014014014	2648486384.228608	2724619545.660387
0.16533933933933934	2648487895.639413	2724618402.0461936
0.16553853853853856	2648488670.075802	2724618599.1670465
0.16573773773773776	2648486666.755783	2724617225.6410313
0.16593693693693695	2648488878.2545605	2724614595.1897745
0.16613613613613615	2648489519.718952	2724616526.2945786
0.16633533533533534	2648487190.435106	2724617044.564469
0.16653453453453454	2648491071.852299	2724615849.3359456
0.16673373373373374	2648489918.1918154	2724615938.625989
0.16693293293293293	2648487173.051399	2724615316.1787786
0.16713213213213216	2648491443.5644894	2724614497.868181
0.16733133133133135	2648491490.571242	2724617200.440393
0.16753053053053055	2648490147.3707304	2724616621.1945863
0.16772972972972974	2648492570.8647933	2724614238.040146
0.16792892892892894	2648487193.9828424	2724618284.2050343
0.16812812812812813	2648489866.210294	2724618470.163906
0.16832732732732733	2648492762.766282	2724618015.9010286
0.16852652652652653	2648493316.7564545	2724614266.479746
0.16872572572572572	2648490720.242701	2724622357.4184747
0.16892492492492495	2648490109.297439	2724612058.4374676
0.16912412412412414	2648489969.788434	2724633650.8889008
0.16932332332332334	2648493633.6087723	2724613025.845994
0.16952252252252253	2648493361.738059	2724609145.3921995
0.16972172172172173	2648491561.5125046	2724612240.3183484
0.16992092092092093	2648494778.357644	2724617620.9885483
0.17012012012012012	2648493889.485201	2724612152.7625217
0.17031931931931932	2648494367.667062	2724614581.344592
0.17051851851851854	2648495288.3450766	2724610853.1776247
0.17071771771771774	2648494210.227396	2724611421.7878447
0.17091691691691693	2648497089.7724094	2724611429.7028074
0.17111611611611613	2648499627.5399523	2724596876.3820133
0.17131531531531533	2648498384.464405	2724607006.0971746
0.17151451451451452	2648497089.4518547	2724607984.7512865
0.17171371371371372	2648497591.358707	2724606800.755632
0.1719129129129129	2648492025.8004684	2724607872.795485
0.17211211211211214	2648496859.001644	2724606206.184093
0.17231131131131133	2648499781.870042	2724607755.5638523
0.17251051051051053	2648498616.4638042	2724607861.672853
0.17270970970970972	2648497105.567055	2724608187.514904
0.17290890890890892	2648498815.4986258	2724609445.789135
0.17310810810810812	2648496131.4318533	2724609918.610839
0.1733073073073073	2648499816.7076864	2724609090.9844866
0.1735065065065065	2648498365.65487	2724616963.213666
0.1737057057057057	2648494660.4943314	2724606859.4152174
0.17390490490490493	2648500568.3480515	2724608501.681228
0.17410410410410412	2648499615.8132205	2724607117.1461916
0.17430330330330332	2648502474.804784	2724605150.4604177
0.17450250250250252	2648502123.523014	2724604153.4867444
0.1747017017017017	2648501125.429989	2724610099.9366045
0.1749009009009009	2648500838.919079	2724607719.0728703
0.1751001001001001	2648502019.30034	2724605036.141306
0.1752992992992993	2648502354.1214867	2724605632.6667423
0.17549849849849852	2648502242.278082	2724605549.7075863
0.17569769769769772	2648503146.451623	2724605048.304317
0.17589689689689691	2648506625.998782	2724606836.1979837
0.1760960960960961	2648506187.554962	2724604263.1944237
0.1762952952952953	2648505061.74083	2724604700.511115
0.1764944944944945	2648506969.8249063	2724604335.334742
0.1766936936936937	2648506095.588166	2724603663.9337645
0.1768928928928929	2648504602.7474847	2724602318.694602
0.1770920920920921	2648506556.7536697	2724602318.611446
0.17729129129129131	2648510122.352726	2724601107.0041637
0.1774904904904905	2648509530.1178865	2724601321.406531
0.1776896896896897	2648509957.8433857	2724598941.4795704
0.1778888888888889	2648510282.7470636	2724601654.0188236
0.1780880880880881	2648516633.5152416	2724608313.1712193
0.1782872872872873	2648506596.362456	2724604825.9094753
0.1784864864864865	2648508219.4238067	2724604820.4464273
0.17868568568568569	2648509219.147076	2724605422.435274
0.1788848848848849	2648509320.904283	2724605993.1318307
0.1790840840840841	2648509013.518775	2724604011.4330225
0.1792832832832833	2648508953.726125	2724604090.008092
0.1794824824824825	2648511252.2287874	2724605856.17925
0.1796816816816817	2648500696.4138966	2724603805.7969675
0.1798808808808809	2648510976.9371824	2724604284.82034
0.18008008008008008	2648512035.2801113	2724604479.429828
0.18027927927927928	2648512957.974908	2724603164.876998
0.18047847847847848	2648512488.1479006	2724603029.284397
0.1806776776776777	2648512861.782815	2724605464.9155397
0.1808768768768769	2648513167.463671	2724604030.620277
0.1810760760760761	2648514414.3053617	2724602193.8132396
0.1812752752752753	2648515086.137047	2724603809.184702
0.18147447447447448	2648514207.580802	2724603951.3265996
0.18167367367367368	2648516974.1171703	2724600030.5173864
0.18187287287287288	2648515730.70662	2724602038.6020317
0.18207207207207207	2648515210.5309362	2724603688.407851
0.1822712712712713	2648515470.656728	2724600411.002761
0.1824704704704705	2648518126.693244	2724601006.1117234
0.1826696696696697	2648517781.3584714	2724602703.738421
0.18286886886886888	2648515043.550153	2724605521.680559
0.18306806806806808	2648514979.012969	2724602718.2532835
0.18326726726726728	2648516856.4451876	2724601891.5455565
0.18346646646646647	2648518348.8339615	2724600252.928256
0.18366566566566567	2648520244.7123156	2724597467.5875974
0.18386486486486486	2648520572.463378	2724597926.3450108
0.1840640640640641	2648519385.594794	2724599422.2293177
0.18426326326326328	2648521472.613358	2724598153.7055254
0.18446246246246248	2648522288.383582	2724596711.4176736
0.18466166166166167	2648521494.619398	2724598915.5148993
0.18486086086086087	2648522003.889883	2724597369.619028
0.18506006006006007	2648521303.1917887	2724598340.943818
0.18525925925925926	2648522926.7103405	2724598882.6126375
0.18545845845845846	2648522559.3424377	2724597164.213841
0.18565765765765768	2648521693.2833414	2724598690.5939903
0.18585685685685688	2648521218.700297	2724598402.659418
0.18605605605605607	2648522497.968174	2724598746.654422
0.18625525525525527	2648522333.090848	2724597780.129131
0.18645445445445447	2648525510.5761433	2724595818.944956
0.18665365365365366	2648523869.4452443	2724600303.364297
0.18685285285285286	2648524589.4553995	2724597521.589061
0.18705205205205205	2648524954.8728914	2724597466.5922565
0.18725125125125125	2648523267.806257	2724595002.1567626
0.18745045045045047	2648527152.3016577	2724594205.914538
0.18764964964964967	2648525215.1797876	2724595851.7631536
0.18784884884884887	2648525599.8025236	2724594380.019434
0.18804804804804806	2648525616.9494333	2724595747.136466
0.18824724724724726	2648526414.4240255	2724594240.1468096
0.18844644644644645	2648527324.979793	2724594376.639567
0.18864564564564565	2648526944.744588	2724595317.200914
0.18884484484484484	2648525374.0072927	2724597092.394584
0.18904404404404407	2648528129.3623075	2724592532.439099
0.18924324324324326	2648528375.4081364	2724594996.13269
0.18944244244244246	2648529174.781418	2724594462.8395195
0.18964164164164166	2648531456.857362	2724593752.025367
0.18984084084084085	2648530745.7454815	2724592062.957444
0.19004004004004005	2648530213.552149	2724591171.001417
0.19023923923923924	2648530607.8080697	2724592596.92412
0.19043843843843844	2648533053.537937	2724588252.603104
0.19063763763763764	2648533621.9589176	2724589471.9828157
0.19083683683683686	2648532532.7218604	2724591286.1862006
0.19103603603603606	2648532519.284981	2724589754.5485497
0.19123523523523525	2648533326.0039783	2724588804.665201
0.19143443443443445	2648534027.4593415	2724587669.2446713
0.19163363363363364	2648536239.901866	2724585522.195059
0.19183283283283284	2648533825.7671413	2724588682.2304645
0.19203203203203204	2648532781.7580175	2724589398.603504
0.19223123123123123	2648533611.054888	2724586023.048456
0.19243043043043045	2648535659.485116	2724587293.0517006
0.19262962962962965	2648535972.8450193	2724584170.4441547
0.19282882882882885	2648537440.9024067	2724586337.0562277
0.19302802802802804	2648535418.5821695	2724585935.5924306
0.19322722722722724	2648536899.6096005	2724586665.546438
0.19342642642642643	2648537255.124833	2724585237.3298144
0.19362562562562563	2648534896.463117	2724587995.5184875
0.19382482482482483	2648536422.00758	2724586999.2401276
0.19402402402402405	2648536718.4812055	2724585473.4187036
0.19422322322322325	2648537336.834833	2724585915.129717
0.19442242242242244	2648538080.327176	2724581166.3928185
0.19462162162162164	2648539488.7585416	2724583882.277174
0.19482082082082083	2648541416.2166824	2724580639.716396
0.19502002002002003	2648542044.106315	2724579864.3586597
0.19521921921921923	2648540413.2191477	2724583422.1821594
0.19541841841841842	2648539781.826643	2724581457.8899164
0.19561761761761762	2648541660.1416454	2724582871.200595
0.19581681681681684	2648541186.489833	2724578928.243808
0.19601601601601604	2648540830.319737	2724582109.9116755
0.19621521521521523	2648540429.350685	2724581116.475419
0.19641441441441443	2648542730.7687073	2724579516.1607513
0.19661361361361362	2648541559.186913	2724582208.624091
0.19681281281281282	2648542300.5422573	2724578701.003137
0.19701201201201202	2648545387.591473	2724579399.402869
0.1972112112112112	2648543685.8043633	2724582598.66761
0.19741041041041044	2648543007.172216	2724581434.691901
0.19760960960960963	2648543805.022259	2724580541.2035713
0.19780880880880883	2648544018.5364857	2724578989.7225175
0.19800800800800802	2648543118.787037	2724578300.601105
0.19820720720720722	2648544260.9927926	2724578121.585039
0.19840640640640642	2648546854.506448	2724577013.756277
0.1986056056056056	2648547065.16187	2724578729.2397385
0.1988048048048048	2648546533.155154	2724577601.35674
0.199004004004004	2648544433.544588	2724578942.071969
0.19920320320320323	2648543380.8277845	2724581646.5533333
0.19940240240240242	2648543913.9311132	2724578954.124205
0.19960160160160162	2648546354.4363303	2724578606.154166
0.19980080080080082	2648545714.6774673	2724578350.0425525
0.2	2648548409.559425	2724574922.974004
